{"KM_estimate":{"0.0":0.5000988338,"30.0":0.5000988338}}