{"KM_estimate":{"0.0":0.99864682,"1.0":0.9362313938,"2.0":0.8493925399,"3.0":0.7869771136,"4.0":0.7462714008,"5.0":0.6865696888,"6.0":0.6187268341,"7.0":0.542742837,"8.0":0.4966096958,"9.0":0.4613314114,"10.0":0.4233394128,"11.0":0.3799199859,"12.0":0.3473554157,"13.0":0.322931988,"14.0":0.293081132,"15.0":0.2578028476,"16.0":0.2523754192,"17.0":0.2388068483,"18.0":0.2279519915,"19.0":0.206242278,"20.0":0.1736777078,"21.0":0.1546817085,"22.0":0.1438268518,"23.0":0.1356857092,"24.0":0.1194034241,"26.0":0.103121139,"27.0":0.0868388539,"28.0":0.0841251397,"29.0":0.0814114255,"30.0":0.073270283,"31.0":0.0705565688,"32.0":0.0651291404,"36.0":0.0624154263,"37.0":0.0569879979,"38.0":0.0515605695,"39.0":0.0461331411,"40.0":0.043419427,"41.0":0.0407057128,"43.0":0.029850856,"44.0":0.0217097135,"45.0":0.0189959993,"46.0":0.0108548567,"47.0":0.0081411426,"49.0":0.0054274284,"58.0":0.0027137142,"59.0":0.0}}