{"KM_estimate":{"0.0":1.0,"1.0":0.8802816901,"2.0":0.8028169014,"3.0":0.7183098592,"4.0":0.6478873239,"5.0":0.5774647887,"6.0":0.5,"7.0":0.4507042254,"8.0":0.4366197183,"9.0":0.4154929577,"10.0":0.3732394366,"11.0":0.3309859155,"12.0":0.3098591549,"13.0":0.3028169014,"14.0":0.2887323944,"15.0":0.2676056338,"16.0":0.2464788732,"17.0":0.2394366197,"18.0":0.2323943662,"19.0":0.2183098592,"20.0":0.2112676056,"21.0":0.2042253521,"22.0":0.1901408451,"23.0":0.1830985915,"24.0":0.1549295775,"25.0":0.1408450704,"26.0":0.1267605634,"27.0":0.1197183099,"29.0":0.0915492958,"30.0":0.0845070423,"31.0":0.0774647887,"33.0":0.0563380282,"34.0":0.0492957746,"39.0":0.0422535211,"41.0":0.0281690141,"42.0":0.0211267606,"44.0":0.014084507,"51.0":0.0070422535,"53.0":0.0}}