{"KM_estimate": {"0.0": 0.9992173232454987, "1.0": 0.48890089626648536, "2.0": 0.2622096687241193, "3.0": 0.1431184247617704, "4.0": 0.09193008305865537, "5.0": 0.056411641876902195, "6.0": 0.03186213106010216, "7.0": 0.018281550608255343, "8.0": 0.010446600347574482, "9.0": 0.006790290225923414, "10.0": 0.003656310121651068, "13.0": 0.002089320069514896, "15.0": 0.0015669900521361722, "16.0": 0.0010446600347574478, "17.0": 0.0005223300173787239, "1805.0": 0.0}}