{"KM_estimate":{"0.0":0.9992173232,"1.0":0.4889008963,"2.0":0.2622096687,"3.0":0.1431184248,"4.0":0.0919300831,"5.0":0.0564116419,"6.0":0.0318621311,"7.0":0.0182815506,"8.0":0.0104466003,"9.0":0.0067902902,"10.0":0.0036563101,"13.0":0.0020893201,"15.0":0.0015669901,"16.0":0.00104466,"17.0":0.00052233,"1805.0":0.0}}