{"KM_estimate": {"0.0": 0.9917355371900822, "1.0": 0.6891721529625995, "2.0": 0.5715086146519117, "3.0": 0.4874632301442776, "4.0": 0.42022692253817023, "5.0": 0.3361815380305362, "6.0": 0.26894523042442897, "7.0": 0.2521361535229022, "8.0": 0.23532707662137534, "9.0": 0.21851799971984856, "11.0": 0.20170892281832176, "12.0": 0.18489984591679495, "13.0": 0.16809076901526818, "14.0": 0.11766353831068771, "15.0": 0.10085446140916092, "16.0": 0.08404538450763407, "17.0": 0.06723630760610726, "22.0": 0.05042723070458045, "30.0": 0.03361815380305363, "35.0": 0.016809076901526814, "51.0": 0.0}}