{"KM_estimate":{"0.0":0.9917355372,"1.0":0.689172153,"2.0":0.5715086147,"3.0":0.4874632301,"4.0":0.4202269225,"5.0":0.336181538,"6.0":0.2689452304,"7.0":0.2521361535,"8.0":0.2353270766,"9.0":0.2185179997,"11.0":0.2017089228,"12.0":0.1848998459,"13.0":0.168090769,"14.0":0.1176635383,"15.0":0.1008544614,"16.0":0.0840453845,"17.0":0.0672363076,"22.0":0.0504272307,"30.0":0.0336181538,"35.0":0.0168090769,"51.0":0.0}}