{"KM_estimate":{"0.0":0.9959700633,"1.0":0.9781128788,"2.0":0.9487349302,"3.0":0.9176288669,"4.0":0.8905550711,"5.0":0.8623291988,"6.0":0.8404397469,"7.0":0.8202784096,"8.0":0.8058774544,"9.0":0.7868681935,"10.0":0.7724672382,"11.0":0.7609464741,"12.0":0.7430892896,"13.0":0.7315685254,"14.0":0.7235039905,"15.0":0.7131353027,"16.0":0.702766615,"17.0":0.6964301947,"18.0":0.6866375451,"19.0":0.677996972,"20.0":0.667052246,"21.0":0.6624439403,"22.0":0.65610752,"23.0":0.6520752526,"24.0":0.6480429851,"25.0":0.6399784502,"26.0":0.6324899535,"27.0":0.628457686,"28.0":0.6244254185,"29.0":0.6198171129,"30.0":0.614632769,"31.0":0.5868353071,"32.0":0.5683036658,"33.0":0.5528606314,"34.0":0.5435948108,"35.0":0.5219745626,"36.0":0.5065315282,"37.0":0.4849112801,"38.0":0.4694682457,"39.0":0.4324049631,"40.0":0.4138733218,"41.0":0.3922530737,"42.0":0.3737214324,"43.0":0.3490125774,"44.0":0.3212151154,"45.0":0.3119492948,"46.0":0.2779746191,"47.0":0.2625315847,"48.0":0.2378227297,"49.0":0.2192910884,"50.0":0.203848054,"51.0":0.1914936265,"52.0":0.1853164128,"53.0":0.1575189508,"54.0":0.1482531302,"55.0":0.1420759164,"56.0":0.1328100958,"57.0":0.1142784545,"58.0":0.1111898477,"59.0":0.0988354201,"60.0":0.0864809926,"61.0":0.0833923857,"62.0":0.0710379582,"63.0":0.0679493513,"64.0":0.0586835307,"65.0":0.0494177101,"66.0":0.0463291032,"67.0":0.0432404963,"68.0":0.0339746757,"69.0":0.0277974619,"70.0":0.024708855,"71.0":0.0216202482,"75.0":0.0185316413,"80.0":0.0123544275,"82.0":0.0092658206,"84.0":0.0061772138,"85.0":0.0030886069,"92.0":0.0}}