{"KM_estimate": {"0.0": 0.9959700633275762, "1.0": 0.9601105140091617, "2.0": 0.9011157715820929, "3.0": 0.8386507501887257, "4.0": 0.7842830463833875, "5.0": 0.7276018232671845, "6.0": 0.6836449563607409, "7.0": 0.6431583684205952, "8.0": 0.6142393770347772, "9.0": 0.5760663084054971, "10.0": 0.5471473170196789, "11.0": 0.5240121239110247, "12.0": 0.4881525745926102, "13.0": 0.4650173814839556, "14.0": 0.4488227463078975, "15.0": 0.4280010725101082, "16.0": 0.4071793987123192, "17.0": 0.39445504250255936, "18.0": 0.37479012836020287, "19.0": 0.35743873352871225, "20.0": 0.33546030007549027, "21.0": 0.3262062228320286, "22.0": 0.31348186662226857, "23.0": 0.3053845490342394, "24.0": 0.2972872314462105, "25.0": 0.28109259627015215, "26.0": 0.26605472074952685, "27.0": 0.25795740316149773, "28.0": 0.24986008557346873, "29.0": 0.24060600833000684, "30.0": 0.2301951714311123, "31.0": 0.2197843345322178, "32.0": 0.2128437765996215, "33.0": 0.20705997832245782, "34.0": 0.20358969935615956, "35.0": 0.19549238176813058, "36.0": 0.189708583490967, "37.0": 0.1816112659029378, "38.0": 0.17582746762577425, "39.0": 0.16194635176058148, "40.0": 0.15500579382798516, "41.0": 0.1469084762399561, "42.0": 0.1399679183073598, "43.0": 0.130713841063898, "44.0": 0.1203030041650034, "45.0": 0.11683272519870527, "46.0": 0.10410836898894527, "47.0": 0.09832457071178166, "48.0": 0.08907049346831987, "49.0": 0.0821299355357235, "50.0": 0.07634613725855983, "51.0": 0.07171909863682897, "52.0": 0.0694055793259635, "53.0": 0.05899474242706899, "54.0": 0.05552446346077083, "55.0": 0.05321094414990537, "56.0": 0.04974066518360718, "57.0": 0.04280010725101083, "58.0": 0.041643347595578105, "59.0": 0.03701630897384721, "60.0": 0.032389270352116306, "61.0": 0.031232510696683584, "62.0": 0.02660547207495268, "63.0": 0.025448712419519962, "64.0": 0.021978433453221775, "65.0": 0.0185081544869236, "66.0": 0.017351394831490872, "67.0": 0.016194635176058143, "68.0": 0.012724356209759969, "69.0": 0.010410836898894524, "70.0": 0.009254077243461797, "71.0": 0.008097317588029071, "75.0": 0.006940557932596348, "80.0": 0.004627038621730898, "82.0": 0.0034702789662981737, "84.0": 0.002313519310865449, "85.0": 0.0011567596554327242, "92.0": 0.0}}