{"KM_estimate": {"0.0": 0.9980276134122287, "1.0": 0.8910960834037756, "2.0": 0.7960458345073728, "3.0": 0.7524811370965215, "4.0": 0.6851538774615699, "5.0": 0.633668325976018, "6.0": 0.5782223474531165, "7.0": 0.5386180770796156, "8.0": 0.5108950878181645, "9.0": 0.48317209855671395, "10.0": 0.4554491092952631, "11.0": 0.44752825522056294, "12.0": 0.41980526595911194, "13.0": 0.3920822766976612, "14.0": 0.3603988603988602, "15.0": 0.3366362981747597, "16.0": 0.3049528818759588, "17.0": 0.2732694655771579, "18.0": 0.24158604927835695, "19.0": 0.23366519520365675, "20.0": 0.22178391409160644, "21.0": 0.21386306001690616, "22.0": 0.20198177890485577, "25.0": 0.17821921668075508, "26.0": 0.17425878964340497, "27.0": 0.1663379355687048, "29.0": 0.1623775085313547, "30.0": 0.15841708149400455, "31.0": 0.14653580038195418, "33.0": 0.13861494630725396, "35.0": 0.13465451926990388, "36.0": 0.13069409223255374, "38.0": 0.12673366519520363, "44.0": 0.11881281112050342, "47.0": 0.1148523840831533, "48.0": 0.10693153000845307, "50.0": 0.10297110297110296, "52.0": 0.09901067593375282, "57.0": 0.09505024889640273, "58.0": 0.09108982185905261, "59.0": 0.08316896778435239, "60.0": 0.07920854074700226, "61.0": 0.07524811370965215, "62.0": 0.06732725963495194, "63.0": 0.0594064055602517, "65.0": 0.055445978522901576, "70.0": 0.05148555148555148, "73.0": 0.04752512444820137, "76.0": 0.043564697410851255, "84.0": 0.039604270373501144, "87.0": 0.035643843336151025, "92.0": 0.0277229892614508, "121.0": 0.02376256222410069, "210.0": 0.019802135186750572, "357.0": 0.015841708149400457, "400.0": 0.011881281112050345, "945.0": 0.007920854074700228, "1773.0": 0.003960427037350113, "1907.0": 0.0}}