{"KM_estimate": {"0.0": 1.0, "1.0": 0.888888888888889, "2.0": 0.577777777777778, "3.0": 0.3777777777777779, "4.0": 0.24444444444444452, "6.0": 0.15555555555555556, "7.0": 0.08888888888888892, "8.0": 0.04444444444444445, "12.0": 0.022222222222222227, "19.0": 0.0}}