{"KM_estimate": {"0.0": 0.9896373056994818, "1.0": 0.8357714348486792, "2.0": 0.7133781284900855, "3.0": 0.6189604350134565, "4.0": 0.5595122576392828, "5.0": 0.4825793222138817, "6.0": 0.41963419322946216, "7.0": 0.3951555319577437, "8.0": 0.36717991907577935, "9.0": 0.3461982094143063, "10.0": 0.3182225965323421, "11.0": 0.29724088687086914, "12.0": 0.29024698365037815, "13.0": 0.27975612881964135, "14.0": 0.2622713707684138, "15.0": 0.25178051593767736, "16.0": 0.24828356432743182, "17.0": 0.24128966110694086, "18.0": 0.23429575788644966, "20.0": 0.2238049030557131, "21.0": 0.20632014500448564, "22.0": 0.20282319339424001, "24.0": 0.19932624178399458, "26.0": 0.19582929017374912, "27.0": 0.19233233856350357, "30.0": 0.18883538695325802, "32.0": 0.1853384353430125, "34.0": 0.17834453212252144, "35.0": 0.17484758051227592, "37.0": 0.17135062890203037, "39.0": 0.16785367729178494, "40.0": 0.16085977407129387, "51.0": 0.15736282246104832, "56.0": 0.15036891924055729, "58.0": 0.1468719676303118, "61.0": 0.14337501602006628, "63.0": 0.1363811127995752, "64.0": 0.1328841611893297, "65.0": 0.12938720957908417, "67.0": 0.12589025796883865, "69.0": 0.12239330635859313, "70.0": 0.11889635474834766, "71.0": 0.11190245152785659, "76.0": 0.10840549991761107, "77.0": 0.10490854830736557, "79.0": 0.0979146450868745, "80.0": 0.09092074186638349, "81.0": 0.08742379025613795, "82.0": 0.0734359838151559, "83.0": 0.06993903220491036, "85.0": 0.06644208059466485, "87.0": 0.06294512898441933, "88.0": 0.05944817737417382, "89.0": 0.05595122576392829, "90.0": 0.05245427415368278, "95.0": 0.04196341932294623, "104.0": 0.03846646771270071, "116.0": 0.034969516102455196, "124.0": 0.03147256449220967, "125.0": 0.027975612881964144, "232.0": 0.024478661271718632, "671.0": 0.02098170966147312, "1148.0": 0.017484758051227595, "1403.0": 0.013987806440982077, "1705.0": 0.010490854830736559, "1788.0": 0.006993903220491038, "1793.0": 0.0034969516102455185, "1869.0": 0.0}}